CarType, Year, Color, Miles
SUV, 1998, white, 129875
Limo, 1975, black, 95390
Minivan, 1986, white, 71982
Sedan, 1991, orange, 15644
Sedan, 1999, red, 40682
Sedan, 1986, green, 97424
Limo, 1997, white, 152846
Limo, 1982, red, 22112
Sedan, 2004, blue, 79771
Limo, 1987, green, 81886
Truck, 1987, orange, 220713
Van, 1982, red, 129456
Sedan, 1979, blue, 57394
Limo, 1989, violet, 20599
Sedan, 1994, yellow, 161941
Van, 1985, blue, 200516
SUV, 1989, gray, 232576
Truck, 1980, violet, 234280
SUV, 1985, orange, 211426
Van, 1984, yellow, 100692
Limo, 1989, violet, 39901
Truck, 1988, orange, 93222
Truck, 1977, black, 242372
Limo, 2001, green, 20429
SUV, 2002, orange, 115962
Van, 1999, black, 112495
Limo, 2003, green, 120809
Limo, 1977, red, 24856
SUV, 1993, blue, 158322
Van, 2000, blue, 164677
Truck, 2003, violet, 173717
Truck, 1979, green, 69700
Minivan, 1996, gray, 197418
Minivan, 1982, green, 111186
Truck, 1998, white, 28198
Minivan, 1982, orange, 105948
Sedan, 1993, black, 9667
Truck, 1979, black, 165229
Truck, 2001, violet, 93015
SUV, 1996, green, 177236
Sedan, 1990, blue, 89707
SUV, 1998, gray, 162929
Truck, 1986, orange, 131828
Sedan, 1992, orange, 171973
Van, 2000, white, 78501
Minivan, 1988, gray, 134269
Minivan, 1982, blue, 219485
Sedan, 1992, yellow, 126864
Minivan, 1976, black, 61801
Limo, 1992, red, 132133
Sedan, 2000, red, 128825
Limo, 1998, green, 189645
Sedan, 1990, blue, 210416
Sedan, 1988, gray, 195965
Sedan, 1981, red, 115627
Van, 1988, orange, 36605
Limo, 1978, gray, 79623
Limo, 2004, black, 96303
SUV, 1978, yellow, 153564
SUV, 2003, blue, 204772
Minivan, 1986, white, 20094
SUV, 1995, yellow, 127824
Truck, 2003, yellow, 169295
Sedan, 1984, green, 189509
Truck, 2004, white, 76791
Minivan, 1988, blue, 191403
Limo, 1975, white, 240220
Sedan, 2003, blue, 25697
Sedan, 1979, gray, 215393
Sedan, 2000, gray, 230170
Van, 1986, white, 43794
Truck, 1981, gray, 164676
Truck, 2001, black, 218041
Truck, 1980, red, 10576
Limo, 1991, gray, 87812
Van, 1978, blue, 29678
Minivan, 1991, blue, 131418
Van, 1983, black, 17048
Minivan, 1976, gray, 155587
Sedan, 1992, white, 179591
Truck, 1982, white, 230544
Truck, 2004, red, 107989
Sedan, 1994, orange, 218581
SUV, 1978, white, 34592
Sedan, 1998, orange, 81003
SUV, 1979, black, 61569
Limo, 1996, blue, 51671
Truck, 2000, orange, 117414
Sedan, 1994, red, 190805
Sedan, 1981, green, 234927
Truck, 1980, black, 213263
Sedan, 1993, red, 133814
Truck, 1978, gray, 207651
Minivan, 2004, orange, 106495
Van, 1989, violet, 193764
SUV, 2000, orange, 106197
Sedan, 1984, blue, 187383
Sedan, 1990, red, 232995
Sedan, 1992, gray, 3000
Sedan, 1978, red, 173741
Minivan, 1978, yellow, 203027
Sedan, 1978, blue, 183077
Minivan, 1991, black, 72587
Van, 1993, white, 205737
SUV, 1988, red, 248348
Minivan, 1991, blue, 89379
SUV, 1977, white, 89182
Van, 1985, orange, 212918
Van, 2003, orange, 27752
Sedan, 2003, black, 76540
Limo, 1980, yellow, 28013
Van, 1987, red, 141825
Sedan, 1985, red, 59938
Van, 1987, white, 76872
Van, 1978, blue, 118675
Van, 1975, gray, 125747
Truck, 1979, violet, 153362
SUV, 1998, white, 135702
Limo, 1976, gray, 62629
Sedan, 1988, yellow, 222908
Truck, 2001, violet, 93303
Truck, 1993, blue, 198657
Minivan, 1981, green, 249310
Truck, 1976, white, 199675
SUV, 1997, blue, 214656
Minivan, 2001, orange, 193248
Sedan, 2000, red, 247656
Truck, 1995, black, 185897
Limo, 1996, green, 150122
Minivan, 1976, white, 192283
Truck, 1987, green, 161621
Van, 1984, blue, 133540
Truck, 1977, white, 213595
SUV, 2000, violet, 134362
Truck, 1986, red, 34265
SUV, 1975, black, 29607
Van, 1990, yellow, 212805
SUV, 1994, green, 241013
Minivan, 1983, black, 119938
Van, 1992, white, 185629
Sedan, 2003, green, 233543
Sedan, 2003, orange, 160913
Truck, 1993, orange, 18211
Truck, 1986, gray, 148941
Van, 1996, blue, 100156
SUV, 1989, violet, 239051
Sedan, 1978, green, 126312
Truck, 1997, yellow, 105410
Sedan, 1977, blue, 43427
Limo, 1993, blue, 152695
Limo, 1998, violet, 119028
Truck, 1999, green, 69302
Van, 1975, orange, 97410
Truck, 1978, black, 226583
Limo, 1987, black, 206291
Truck, 2000, black, 183571
SUV, 1992, black, 151361
Sedan, 1975, yellow, 36865
Truck, 1982, blue, 248998
Minivan, 2003, orange, 83004
SUV, 1981, blue, 151475
Sedan, 1982, yellow, 187021
Minivan, 1993, gray, 182991
SUV, 1979, yellow, 3362
Sedan, 1983, black, 179836
Sedan, 1992, blue, 139209
SUV, 1994, white, 109565
Van, 1981, orange, 151932
Minivan, 1997, green, 34697
Sedan, 1981, orange, 211319
Limo, 1976, orange, 108408
Sedan, 1989, black, 38762
Truck, 1983, red, 247009
Van, 1993, green, 53362
Van, 1979, blue, 65406
Minivan, 1994, yellow, 3211
Van, 1998, black, 192959
Minivan, 1978, yellow, 96763
Truck, 1996, violet, 83424
SUV, 1981, yellow, 57466
Sedan, 1977, gray, 101202
Truck, 1983, orange, 126629
Van, 1982, white, 108849
Sedan, 1982, red, 157138
Sedan, 2004, white, 56452
Van, 1981, red, 10098
Truck, 1981, violet, 10435
Van, 2003, gray, 99202
Sedan, 2002, green, 68138
Van, 1990, white, 223523
SUV, 1986, violet, 239835
Limo, 1986, gray, 189141
SUV, 1983, red, 153917
Sedan, 1999, blue, 157393
Van, 1980, black, 135065
SUV, 1999, white, 112398
Limo, 1987, green, 183031
SUV, 1978, violet, 240668
Truck, 2004, green, 149114
Sedan, 1977, white, 90019
Minivan, 1982, orange, 183700
Van, 1982, yellow, 215504
Truck, 2001, orange, 45899
Van, 1996, gray, 144683
SUV, 1999, white, 192052
Sedan, 1983, red, 159185
Minivan, 2003, green, 154767
Minivan, 2000, black, 16552
SUV, 1987, violet, 46976
Van, 2000, red, 110748
Van, 1992, violet, 124296
Limo, 1977, violet, 241827
Truck, 1996, violet, 63791
Sedan, 2000, orange, 127493
Minivan, 1981, blue, 62437
Van, 2000, green, 102528
Van, 1981, blue, 87005
Minivan, 1975, green, 227457
Minivan, 1977, red, 225087
Truck, 2003, red, 143804
Limo, 1987, gray, 63881
Sedan, 2004, green, 29824
Truck, 1979, gray, 158328
Minivan, 1979, white, 200809
SUV, 1989, black, 155063
Limo, 1981, black, 215623
Sedan, 1990, violet, 228337
Minivan, 1993, orange, 137935
SUV, 1988, gray, 143408
Minivan, 1995, violet, 124598
Minivan, 1976, blue, 58300
Truck, 1975, orange, 30826
Van, 1985, yellow, 67712
Van, 1988, green, 39183
Van, 2000, yellow, 151243
Van, 2000, gray, 106995
Limo, 1992, black, 49822
Minivan, 1981, red, 130691
Limo, 1978, red, 179109
Limo, 1991, white, 229893
Limo, 1979, yellow, 160808
Sedan, 1976, red, 93902
SUV, 1995, orange, 215149
Minivan, 1986, yellow, 84898
Van, 2001, white, 87492
Minivan, 1991, violet, 196940
SUV, 1988, green, 12464
Sedan, 1996, red, 5421
Limo, 1996, violet, 209273
Van, 2002, green, 39721
Sedan, 1982, red, 23532
SUV, 2002, white, 53468
Limo, 2001, blue, 218030
Truck, 1980, green, 230409
Van, 1976, orange, 35231
Minivan, 1999, black, 135402
Minivan, 1996, yellow, 149056
Minivan, 2001, white, 105371
SUV, 2003, yellow, 64233
SUV, 1985, orange, 148076
Minivan, 1991, red, 55852
Sedan, 1997, orange, 212967
Minivan, 1977, blue, 57626
Sedan, 1975, yellow, 14173
Van, 1984, gray, 24392
Sedan, 1978, violet, 5044
Van, 1993, white, 126987
Van, 1999, black, 11652
SUV, 1993, white, 57105
Sedan, 1981, black, 177508
Van, 1986, red, 116900
Truck, 1989, gray, 177604
SUV, 1978, yellow, 115971
Minivan, 1980, yellow, 39023
Sedan, 1995, black, 14250
Truck, 1992, red, 70978
Sedan, 1989, orange, 57737
Truck, 1986, yellow, 185602
SUV, 1987, orange, 199009
Van, 1977, yellow, 34363
Sedan, 1997, black, 51937
SUV, 1981, white, 134065
Sedan, 1984, green, 70648
Truck, 1985, red, 52260
SUV, 1983, green, 94115
Van, 1989, gray, 169181
Van, 1998, yellow, 156872
SUV, 1983, black, 112149
Truck, 1981, red, 162448
Sedan, 1990, white, 237647
Sedan, 1986, violet, 172892
SUV, 1995, orange, 135025
Van, 2000, blue, 165810
Truck, 1989, gray, 27009
Van, 1984, gray, 150120
Truck, 1990, white, 54065
Minivan, 1997, red, 95252
Limo, 1985, red, 149124
SUV, 1988, yellow, 192855
Minivan, 1994, white, 233595
Sedan, 1988, black, 218839
Sedan, 1993, blue, 105803
Limo, 1981, green, 150293
Minivan, 1988, white, 135630
Truck, 1996, gray, 1818
Van, 1999, green, 198916
SUV, 1986, violet, 9003
Minivan, 2000, black, 207896
SUV, 1976, orange, 190216
Truck, 1983, yellow, 8399
SUV, 1978, blue, 117928
Truck, 1993, green, 135456
Limo, 1990, white, 166121
Limo, 1999, white, 249369
Van, 2003, red, 203871
Limo, 1977, gray, 117867
Van, 1983, yellow, 17112
Truck, 1991, blue, 233842
Van, 1995, violet, 20481
Sedan, 1985, green, 205073
Limo, 1999, gray, 10638
Limo, 1993, red, 53425
Limo, 1994, violet, 147792
SUV, 2001, orange, 198215
Limo, 1980, white, 76447
SUV, 1993, violet, 216787
Sedan, 1983, blue, 172529
Sedan, 2001, red, 195928
Sedan, 1984, yellow, 123304
Limo, 2000, red, 11265
Sedan, 1983, black, 110555
Limo, 1978, red, 138393
Limo, 1982, red, 194467
Minivan, 1987, orange, 92338
Truck, 1989, violet, 102706
Sedan, 2002, orange, 47222
Van, 2004, yellow, 92361
Minivan, 1984, black, 109810
Limo, 2004, yellow, 238106
Limo, 1996, violet, 204414
SUV, 1993, black, 17214
SUV, 1994, black, 14038
Truck, 2000, violet, 212514
Sedan, 1978, violet, 164208
Limo, 1976, white, 75859
SUV, 1998, white, 32316
Van, 1977, red, 103906
Sedan, 1995, yellow, 168900
Minivan, 1993, yellow, 11185
Van, 2004, yellow, 10146
SUV, 1985, black, 85719
Truck, 1994, orange, 138046
Sedan, 1983, orange, 142670
Limo, 1992, violet, 27159
Van, 1985, red, 146307
Minivan, 1987, green, 213906
Limo, 1982, white, 39459
Limo, 1985, gray, 145883
Truck, 2000, blue, 148679
Minivan, 2001, blue, 238078
Sedan, 1995, red, 238707
SUV, 1999, white, 179132
Sedan, 1996, red, 219155
Limo, 1989, black, 64584
Minivan, 2000, red, 61683
Sedan, 1977, violet, 51739
SUV, 1998, red, 124173
SUV, 1986, yellow, 243115
Truck, 1981, green, 201848
Limo, 1989, gray, 131872
Sedan, 1984, blue, 29152
Van, 1984, yellow, 25078
Minivan, 1980, green, 111581
SUV, 1985, green, 174227
Sedan, 2000, black, 5972
SUV, 1980, white, 89193
Minivan, 1993, black, 43072
Truck, 1976, yellow, 17946
Limo, 1982, violet, 248690
Sedan, 1983, gray, 218782
Minivan, 1992, gray, 106794
Sedan, 1988, red, 63842
SUV, 1977, red, 137116
Truck, 1987, orange, 202423
SUV, 1981, orange, 27388
Sedan, 1985, blue, 103241
Limo, 1988, orange, 32285
Limo, 1998, white, 85519
Sedan, 1976, white, 125198
SUV, 1997, red, 226832
Truck, 1989, green, 207745
Van, 1993, green, 139247
Van, 2003, green, 244726
Minivan, 1981, white, 235813
Limo, 1975, yellow, 218147
SUV, 1998, gray, 144117
Sedan, 1989, red, 83992
Sedan, 1988, orange, 145046
Minivan, 2004, black, 245644
Truck, 1991, gray, 54763
SUV, 1979, gray, 45935
SUV, 1989, white, 198352
SUV, 1985, yellow, 76356
Truck, 1976, yellow, 46596
Minivan, 1992, black, 29346
Truck, 1996, orange, 73624
Minivan, 1978, gray, 204781
SUV, 2001, black, 147438
Truck, 1989, green, 42028
Minivan, 2002, orange, 145153
Minivan, 1981, yellow, 1963
Sedan, 1978, gray, 216911
Limo, 1980, gray, 211991
Truck, 2002, blue, 187546
Truck, 1979, gray, 155946
Van, 1976, blue, 90687
Sedan, 2002, green, 182300
Truck, 1996, yellow, 114252
Van, 1995, blue, 167966
Limo, 1987, green, 588
SUV, 1992, yellow, 29946
Van, 1989, violet, 66089
SUV, 1987, white, 224382
Sedan, 1999, white, 99428
Minivan, 1975, violet, 107590
Minivan, 1999, white, 130810
Van, 1996, orange, 209103
Sedan, 2004, black, 216508
Sedan, 2003, red, 4711
Sedan, 2002, black, 158604
Van, 1980, white, 182043
Van, 1986, yellow, 173006
Truck, 1980, orange, 61217
Truck, 1978, gray, 173800
Truck, 1980, orange, 123999
SUV, 1977, yellow, 166472
Limo, 1993, green, 142257
Limo, 1976, white, 20024
SUV, 1977, gray, 137258
SUV, 1980, orange, 140099
SUV, 1977, black, 197637
Minivan, 2001, yellow, 114589
Minivan, 1978, blue, 94228
Sedan, 1981, orange, 185535
Sedan, 1993, violet, 233017
Minivan, 1985, violet, 27955
Sedan, 1994, white, 193403
Truck, 2004, blue, 137582
Truck, 2003, black, 212891
SUV, 1996, blue, 45792
SUV, 2001, yellow, 13116
SUV, 1980, blue, 105328
Truck, 1990, gray, 97216
Limo, 1995, green, 164353
Limo, 1992, black, 198655
Limo, 1985, white, 247016
Van, 1980, black, 184543
Sedan, 1975, violet, 114654
Limo, 1994, violet, 127589
Minivan, 2001, black, 135231
Limo, 1994, gray, 194463
Sedan, 1990, yellow, 7306
Truck, 1979, yellow, 21397
Truck, 1987, blue, 74870
Minivan, 1988, gray, 71297
Limo, 1990, green, 37725
Van, 1988, white, 8897
Truck, 1988, blue, 228804
Minivan, 1985, green, 79069
Minivan, 1985, orange, 140918
Van, 1976, black, 98338
Sedan, 1986, blue, 125110
SUV, 1988, red, 134998
SUV, 1998, green, 36081
SUV, 2003, blue, 130532
Truck, 1978, orange, 65330
Van, 1998, orange, 245027
Truck, 2001, red, 3805
Limo, 2000, orange, 64931
Truck, 1990, orange, 125311
Sedan, 2001, violet, 110200
Sedan, 1979, white, 242857
Sedan, 1980, violet, 144154
Van, 2001, white, 88887
SUV, 1977, orange, 217101
Sedan, 1985, white, 9219
Sedan, 1979, gray, 90145
Minivan, 2000, green, 29891
Sedan, 1992, blue, 9014
Van, 1988, blue, 197327
Truck, 1993, red, 6859
Sedan, 1985, orange, 109792
Sedan, 1983, yellow, 56967
Limo, 1978, white, 82296
Sedan, 1994, blue, 100176
Minivan, 1983, yellow, 236629
Minivan, 1980, black, 11406
Sedan, 1982, violet, 102326
SUV, 2003, red, 175592
SUV, 1987, black, 35841
Minivan, 2004, white, 15857
Van, 2001, blue, 72442
Truck, 1994, green, 138148
Minivan, 1995, orange, 115084
Van, 2003, gray, 203668
Sedan, 2001, white, 84233
SUV, 2002, yellow, 147040
Truck, 1997, green, 113194
Sedan, 1975, gray, 127645
Limo, 1997, white, 61369
Limo, 1991, gray, 169399
SUV, 1986, gray, 8049
Van, 1979, red, 240239
SUV, 1984, orange, 7300
Truck, 1984, blue, 183820
SUV, 1980, blue, 119306
Limo, 1979, blue, 98828
Sedan, 1999, blue, 149774
Van, 1992, orange, 204402
Van, 1993, gray, 179680
Minivan, 1992, blue, 66570
Minivan, 1978, gray, 206571
Minivan, 2003, yellow, 130277
Van, 1982, green, 12788
Truck, 2004, black, 164333
Sedan, 2001, orange, 118192
Sedan, 1990, black, 173898
Truck, 1989, violet, 246424
SUV, 1998, black, 153249
Minivan, 2001, white, 66159
Limo, 1984, blue, 33722
Sedan, 1975, violet, 107562
Limo, 1988, blue, 140620
Limo, 1990, yellow, 170006
Limo, 1983, orange, 53315
Sedan, 1978, orange, 189390
Limo, 1982, violet, 4052
Van, 1999, red, 182124
Sedan, 2004, green, 99421
Limo, 1990, black, 151224
Van, 1988, white, 219992
Limo, 1991, green, 27140
Truck, 1999, green, 46037
Limo, 2002, orange, 109280
Van, 1996, black, 13140
Van, 1987, orange, 161730
Van, 2002, black, 70168
Limo, 1979, yellow, 249959
Truck, 1998, white, 112598
Limo, 2002, blue, 211431
Truck, 1996, gray, 197600
Sedan, 1996, white, 197529
Sedan, 1980, black, 59086
Minivan, 1983, violet, 173314
Truck, 1977, blue, 183740
Limo, 2003, orange, 144932
Van, 2000, green, 205030
Sedan, 1984, black, 157202
Limo, 1994, orange, 125380
Truck, 1993, orange, 209774
Minivan, 1977, red, 35925
Truck, 1993, gray, 173552
SUV, 1997, blue, 174086
Van, 1987, orange, 157505
Minivan, 1999, white, 217004
Truck, 1995, black, 113024
Truck, 1998, white, 110843
Van, 1998, yellow, 40298
SUV, 1982, green, 83933
Truck, 1986, orange, 51357
Sedan, 1979, yellow, 94537
Limo, 1994, gray, 183176
Van, 1977, green, 150032
Sedan, 1984, red, 103192
Limo, 1980, blue, 113933
SUV, 1980, white, 58565
Sedan, 1987, red, 95316
Sedan, 2001, green, 233744
Limo, 1979, red, 17741
Truck, 1988, green, 97759
Minivan, 1992, violet, 18023
SUV, 1998, black, 80028
Limo, 1985, gray, 196745
Truck, 1999, green, 188232
Minivan, 1994, violet, 46748
Minivan, 1996, green, 247722
SUV, 1983, orange, 39967
Minivan, 2000, green, 248798
Van, 1988, yellow, 24435
Limo, 1986, white, 5646
Sedan, 1982, violet, 21170
Sedan, 1986, yellow, 55030
Sedan, 1979, gray, 122157
Truck, 1981, blue, 215162
Minivan, 1996, green, 148925
Minivan, 2000, black, 233557
Sedan, 1998, violet, 22508
Limo, 1980, blue, 162659
Van, 2000, orange, 248219
Limo, 2002, white, 125453
Truck, 2003, violet, 192967
Limo, 2003, red, 69758
Truck, 2003, green, 233901
Limo, 1992, gray, 110237
Sedan, 1978, white, 146780
Truck, 1992, yellow, 135182
Sedan, 1985, black, 62214
SUV, 1983, orange, 200601
Truck, 1988, blue, 61345
Sedan, 1979, gray, 24932
SUV, 1992, white, 17633
Limo, 1989, orange, 112720
Truck, 1990, orange, 83285
Van, 1989, green, 16759
Limo, 1977, green, 2212
Sedan, 1991, white, 13360
Truck, 2000, red, 22711
Truck, 1991, green, 20756
Sedan, 1980, violet, 43720
Minivan, 1977, blue, 242892
Minivan, 1990, gray, 176514
Truck, 1991, yellow, 190359
SUV, 1998, black, 77000
Minivan, 1976, blue, 12797
SUV, 1984, black, 221960
Truck, 1997, orange, 56999
Limo, 1991, black, 180161
Limo, 1984, gray, 127240
Sedan, 2001, red, 237306
Truck, 1981, blue, 67254
Van, 2000, gray, 113484
Van, 1994, yellow, 180922
Minivan, 1980, gray, 185739
Sedan, 1979, gray, 73424
Sedan, 1978, white, 214228
SUV, 1986, blue, 189524
Minivan, 2001, green, 142512
Truck, 1985, red, 227154
SUV, 1984, red, 194951
Van, 1977, orange, 214820
Van, 1984, white, 152823
Truck, 1978, red, 100984
Limo, 1982, yellow, 176341
Minivan, 1987, yellow, 3752
Sedan, 1982, yellow, 129735
Van, 1975, black, 214484
Limo, 1977, black, 108127
Limo, 1988, black, 219662
Minivan, 1999, yellow, 137178
Limo, 1997, blue, 220032
SUV, 1983, blue, 93172
Minivan, 1979, yellow, 4224
Limo, 1979, black, 2983
Limo, 1998, blue, 58194
Sedan, 1979, red, 30489
Van, 1987, white, 82621
Sedan, 1993, red, 97550
Truck, 1984, violet, 100214
Truck, 1985, blue, 195445
Limo, 1999, red, 60245
SUV, 1999, yellow, 173959
Minivan, 1976, yellow, 25628
SUV, 1989, gray, 242800
Limo, 1982, blue, 212034
Minivan, 1985, yellow, 206216
Limo, 1982, orange, 48194
Limo, 1978, blue, 219742
Van, 1979, orange, 8986
Van, 1999, green, 180842
Sedan, 2004, red, 129705
Truck, 1991, yellow, 127094
SUV, 1979, gray, 1680
Van, 1991, yellow, 86810
Van, 1975, red, 241269
Van, 1975, yellow, 242133
SUV, 1991, orange, 96011
Limo, 1999, violet, 72362
Limo, 1990, yellow, 157232
Minivan, 1998, violet, 71872
SUV, 1980, white, 73703
Minivan, 1984, orange, 141225
Limo, 1998, white, 101329
Truck, 1980, orange, 141521
Van, 1977, gray, 242534
SUV, 1998, orange, 116046
SUV, 1975, blue, 20594
Minivan, 1983, white, 114816
Sedan, 1980, green, 240409
Limo, 1988, orange, 131664
Sedan, 2001, red, 6312
Sedan, 1986, black, 225656
Limo, 2002, yellow, 123234
Van, 1975, yellow, 215475
Limo, 1981, red, 241240
Sedan, 1980, blue, 11976
Limo, 1991, green, 86693
Limo, 1985, green, 158226
Minivan, 2001, yellow, 8912
Truck, 1977, white, 170279
Truck, 1976, violet, 71626
Limo, 1995, black, 182270
Limo, 1989, green, 107421
Sedan, 1992, white, 34841
Sedan, 1982, blue, 30788
Truck, 1988, green, 189261
SUV, 1987, black, 80589
Limo, 1978, orange, 223173
SUV, 1991, red, 19495
Minivan, 1997, violet, 93312
Limo, 1989, green, 38840
Truck, 1997, black, 58722
SUV, 1992, red, 114663
Minivan, 1984, black, 12377
Sedan, 1992, black, 47576
Limo, 1978, white, 44162
SUV, 1999, black, 222002
Minivan, 1996, green, 197836
Van, 1984, green, 241411
Limo, 2001, red, 14980
SUV, 1991, gray, 25916
Sedan, 1992, black, 150520
Sedan, 1976, yellow, 238273
Minivan, 2004, yellow, 124846
Truck, 1980, yellow, 188496
SUV, 1993, white, 193891
Truck, 1988, orange, 236221
SUV, 1979, orange, 11
SUV, 2000, blue, 232299
Truck, 1996, red, 136691
SUV, 1991, orange, 86233
Sedan, 1992, orange, 249858
Limo, 1977, green, 96608
Truck, 1990, violet, 57983
Sedan, 1977, white, 146181
Minivan, 1997, orange, 34612
Limo, 1994, blue, 138313
Truck, 1998, violet, 187229
Limo, 1978, red, 84724
Sedan, 2004, blue, 69235
Sedan, 1977, blue, 106624
Truck, 1989, green, 80789
Minivan, 1981, orange, 18955
Van, 1999, black, 34543
Truck, 1986, black, 105462
SUV, 2003, white, 64066
Minivan, 1979, gray, 186269
Truck, 1987, red, 122692
Van, 1977, orange, 18527
Van, 1994, blue, 215386
Minivan, 1995, red, 19160
Minivan, 1993, violet, 114358
Minivan, 1975, green, 59806
SUV, 1997, white, 13670
Sedan, 1994, gray, 11391
SUV, 1975, yellow, 219146
Minivan, 1977, white, 26593
Limo, 1987, blue, 156946
SUV, 1975, blue, 135358
Van, 2004, violet, 159072
Sedan, 1992, black, 222938
Limo, 1996, black, 232844
Minivan, 1976, blue, 43343
Limo, 1980, gray, 137300
Limo, 1980, red, 138912
Truck, 1978, yellow, 135323
Limo, 2001, red, 109831
Limo, 1989, black, 160741
Sedan, 1981, green, 65026
Van, 1993, yellow, 124103
SUV, 1976, orange, 48071
SUV, 1977, green, 175603
Minivan, 1989, blue, 141732
Minivan, 1988, red, 214511
SUV, 1978, yellow, 111674
Limo, 1977, black, 129508
SUV, 1978, red, 141045
Limo, 2004, black, 165805
Truck, 2002, white, 21171
Van, 1976, black, 142413
Limo, 1992, green, 50989
Limo, 1990, red, 205378
Sedan, 2004, green, 236180
SUV, 1984, yellow, 201214
SUV, 1992, black, 33841
SUV, 1986, red, 34743
Minivan, 1992, gray, 26094
Minivan, 2002, gray, 189682
Sedan, 1987, orange, 55933
Truck, 1994, yellow, 110660
Truck, 1982, blue, 226055
SUV, 1975, blue, 126113
SUV, 2000, blue, 190150
Truck, 1978, white, 181387
Minivan, 1980, gray, 100362
Sedan, 1999, violet, 205984
Truck, 1993, red, 22202
Sedan, 1991, red, 83626
Van, 1981, black, 2328
Minivan, 2000, orange, 179200
Sedan, 1975, blue, 176507
Van, 2001, green, 68674
Sedan, 1985, orange, 144939
Limo, 2002, white, 144791
Sedan, 1990, red, 11758
Minivan, 1997, red, 103256
Limo, 1998, orange, 221433
Sedan, 1988, green, 125489
Limo, 2004, orange, 67881
Limo, 1977, yellow, 80996
Sedan, 1976, violet, 32133
Minivan, 1989, red, 55210
SUV, 1998, blue, 107238
Sedan, 2001, red, 53103
Limo, 1988, black, 230803
Sedan, 1996, black, 168127
Sedan, 1990, gray, 152714
Sedan, 1985, orange, 131907
Limo, 1995, green, 49783
Sedan, 1985, green, 192542
Minivan, 1975, violet, 236938
SUV, 2000, black, 224561
Minivan, 1988, white, 23118
Minivan, 1992, gray, 195247
Sedan, 2000, blue, 62577
SUV, 1986, red, 116202
Truck, 1999, green, 8058
Limo, 1995, black, 243449
SUV, 2001, gray, 168551
Limo, 1981, red, 46605
Van, 1993, black, 49189
SUV, 1990, white, 47078
Truck, 1978, blue, 55822
Van, 1975, blue, 245870
Minivan, 1980, white, 158977
Truck, 2004, gray, 74496
SUV, 1990, green, 46831
Limo, 2001, green, 53146
Van, 1986, yellow, 170764
Sedan, 1993, red, 31351
Minivan, 1995, black, 49310
Truck, 1999, violet, 92559
SUV, 1988, yellow, 56571
Minivan, 1990, yellow, 57626
Sedan, 1987, blue, 135338
Sedan, 1977, black, 188859
Sedan, 1986, green, 112695
Sedan, 1978, violet, 127381
Van, 1987, black, 29012
Sedan, 1989, white, 28098
Van, 1983, gray, 216029
Sedan, 1992, green, 84737
SUV, 1992, gray, 48393
Truck, 1997, white, 99364
Minivan, 1981, black, 240605
Sedan, 1975, red, 147973
SUV, 1989, gray, 166875
Minivan, 1988, blue, 224130
Truck, 2004, red, 220093
Sedan, 1984, orange, 192428
Sedan, 1986, violet, 75264
SUV, 1977, yellow, 3605
SUV, 1983, white, 247686
Van, 1981, white, 109192
Truck, 1988, gray, 203261
Limo, 2001, violet, 18149
Van, 1997, yellow, 17032
Truck, 1999, red, 133045
Sedan, 1981, black, 141813
Minivan, 1991, gray, 143352
Minivan, 1991, orange, 185023
Sedan, 1997, black, 236789
Van, 1989, white, 193159
Limo, 1985, black, 72233
Van, 2002, yellow, 167219
Sedan, 1999, violet, 214751
Truck, 1997, violet, 162392
Van, 1979, gray, 21929
Truck, 1995, black, 133136
Sedan, 2001, violet, 142934
Van, 1999, red, 242862
Minivan, 1992, gray, 156222
Truck, 1991, orange, 101719
Truck, 1985, orange, 7050
Minivan, 1990, blue, 187842
Minivan, 1987, red, 222302
Truck, 2002, gray, 146919
SUV, 1975, gray, 182500
Minivan, 1979, blue, 152536
SUV, 1995, white, 31248
Van, 1985, red, 59484
SUV, 2002, blue, 132245
Limo, 1995, violet, 133702
Van, 1989, blue, 206890
Limo, 1994, white, 123812
Truck, 1985, orange, 159450
Van, 1988, violet, 78956
SUV, 1999, white, 86951
SUV, 1993, violet, 208034
Limo, 1976, green, 61810
Minivan, 1984, blue, 234153
Minivan, 1980, black, 33632
SUV, 1988, orange, 131337
Van, 1987, black, 83536
SUV, 1975, gray, 145147
Truck, 1990, gray, 198187
Truck, 2002, orange, 15008
Sedan, 1977, blue, 149093
Van, 1978, green, 179680
Limo, 1997, gray, 235421
Limo, 1996, orange, 42632
SUV, 1992, blue, 240008
Truck, 1982, yellow, 236202
Sedan, 2003, green, 79559
Limo, 1982, gray, 468
Limo, 1985, black, 192315
Truck, 2004, violet, 208981
Truck, 1978, white, 172433
Sedan, 2004, black, 141121
Van, 1976, orange, 147511
Truck, 1986, yellow, 33034
Van, 1999, violet, 228577
Van, 1993, orange, 62334
Limo, 2002, yellow, 134305
Truck, 1986, black, 238120
Truck, 1977, black, 229453
Van, 1978, orange, 167940
Van, 1976, gray, 41883
Truck, 1995, white, 148305
Sedan, 1979, yellow, 110788
Limo, 1982, yellow, 129846
Sedan, 1977, black, 67904
Limo, 1993, blue, 172438
Van, 1981, violet, 42760
Sedan, 1990, red, 98273
Van, 1993, yellow, 72156
SUV, 1977, gray, 59258
Limo, 1994, gray, 20525
Sedan, 2000, white, 145929
SUV, 2001, violet, 147567
Van, 1998, yellow, 199590
SUV, 1987, orange, 247319
Sedan, 1975, yellow, 54928
Limo, 1997, red, 34887
Truck, 1986, red, 140760
Van, 1999, red, 28373
Sedan, 1988, green, 67150
Van, 2001, gray, 219719
Truck, 2000, green, 237534
Van, 1979, gray, 91146
Van, 1979, red, 121782
Truck, 1997, violet, 79294
Minivan, 1985, green, 116231
Limo, 1976, green, 148899
SUV, 1982, gray, 134868
Limo, 1976, green, 239582
SUV, 1982, red, 126609
Truck, 1992, yellow, 40079
Minivan, 1981, blue, 177276
Minivan, 1979, orange, 203239
Minivan, 1984, blue, 50070
Limo, 2002, violet, 16003
Truck, 1976, gray, 64438
Minivan, 2000, white, 162073
SUV, 1991, gray, 92905
SUV, 1995, orange, 61339
Minivan, 2004, blue, 77116
Limo, 1983, orange, 171607
Minivan, 2003, white, 224798
Sedan, 1982, blue, 71588
SUV, 1986, black, 146015
Truck, 1978, green, 43319
Sedan, 1996, red, 180865
Sedan, 1994, violet, 190504
Limo, 1979, black, 48116
Limo, 2001, black, 152154
Minivan, 2000, yellow, 180118
Minivan, 1998, violet, 128260
Minivan, 1997, yellow, 229288
Truck, 1977, black, 113037
Van, 1986, orange, 124440
Limo, 2001, black, 87989
Truck, 1980, blue, 35913
SUV, 1993, yellow, 200248
Sedan, 1984, red, 229882
SUV, 2002, gray, 35508
Minivan, 1985, gray, 58646
Sedan, 1998, red, 240925
Truck, 2000, white, 214251
Van, 1998, blue, 246683
Truck, 2000, violet, 153424
SUV, 1984, gray, 117931
Sedan, 1981, blue, 234697
Limo, 1989, white, 37073
Limo, 1984, black, 10152
Van, 1984, orange, 167327
Truck, 2001, orange, 22044
SUV, 1980, red, 71768
Limo, 1994, blue, 32262
Limo, 1994, gray, 34734
SUV, 1977, yellow, 177708
